Site,Peptide_[-6:4],ANN,PSSM,SVM,Consensus,pSer/Thr
3,----RGsFVEM,0.382,-0.096,-0.457,-0.057,-
15,DNLRGKsGQGY,0.628,0.693,0.403,0.575,-
24,GYYVEMtVGSP,0.166,0.069,-0.924,-0.23,-
27,VEMTVGsPPQT,0.174,-0.036,-0.975,-0.279,-
31,VGSPPQtLNIL,0.274,-0.082,-0.229,-0.012,-
38,LNILVDtGSSN,0.044,-0.343,-1.748,-0.682,-
40,ILVDTGsSNFA,0.122,-0.097,-1.001,-0.326,-
41,LVDTGSsNFAV,0.059,-0.192,-1.49,-0.541,-
62,YYQRQLsSTYR,0.477,0.814,-0.079,0.404,-
63,YQRQLSsTYRD,0.215,0.033,-0.648,-0.133,-
64,QRQLSStYRDL,0.376,0.372,-0.211,0.179,-
77,GVYVPYtQGAW,0.131,0.056,-0.74,-0.184,-
87,WAGELGtDLVS,0.03,-0.287,-1.972,-0.743,-
91,LGTDLVsIPHG,0.452,0.316,-0.01,0.253,-
99,PHGPNVtVRAN,0.293,-0.046,-0.653,-0.135,-
108,ANIAAItESDK,0.281,-0.069,-0.666,-0.151,-
110,IAAITEsDKFF,0.073,-0.182,-1.277,-0.462,-
118,KFFINGsNWEG,0.246,-0.061,-0.938,-0.251,-
137,IARPDDsLEPF,0.305,-0.01,-0.519,-0.075,-
144,LEPFFDsLVKQ,0.124,-0.186,-1.322,-0.461,-
149,DSLVKQtHVPN,0.097,-0.208,-1.243,-0.451,-
156,HVPNLFsLQLC,0.121,0.01,-0.767,-0.212,-
166,CGAVGGsMIIG,0.076,-0.092,-1.034,-0.35,-
175,IGGIDHsLYTG,0.341,0.107,-0.308,0.047,-
178,IDHSLYtGSLW,0.034,-0.291,-1.532,-0.597,-
180,HSLYTGsLWYT,0.183,0.006,-0.586,-0.132,-
184,TGSLWYtPIRR,0.077,-0.355,-1.096,-0.458,-
218,EYNYDKsIVDS,0.214,0.031,-0.53,-0.095,-
222,DKSIVDsGTTN,0.294,-0.15,-1.02,-0.292,-
224,SIVDSGtTNLR,0.237,0.164,-0.678,-0.092,-
225,IVDSGTtNLRL,0.056,-0.303,-1.563,-0.603,-
240,FEAAVKsIKAA,0.294,0.027,-0.276,0.015,-
245,KSIKAAsSTEK,0.456,-0.022,-0.608,-0.058,-
246,SIKAASsTEKF,0.115,-0.089,-1.089,-0.354,-
247,IKAASStEKFP,0.286,0.071,-0.265,0.031,-
267,VCWQAGtTPWN,0.595,0.609,0.023,0.409,-
268,CWQAGTtPWNI,0.195,-0.148,-0.854,-0.269,-
277,NIFPVIsLYLM,0.386,0.108,-0.277,0.073,-
285,YLMGEVtNQSF,0.159,-0.026,-0.854,-0.24,-
288,GEVTNQsFRIT,0.319,-0.068,-0.622,-0.124,-
292,NQSFRItILPQ,0.158,-0.084,-0.818,-0.248,-
304,YLRPVEtSQDD,0.599,0.272,-0.099,0.257,-
305,LRPVETsQDDC,0.123,0.025,-1.249,-0.367,-
315,CYKFAIsQSST,0.244,-0.032,-0.741,-0.176,-
317,KFAISQsSTGT,0.278,0.055,-0.295,0.013,-
318,FAISQSsTGTV,0.092,-0.118,-1.47,-0.498,-
319,AISQSStGTVM,0.295,0.077,-0.429,-0.019,-
321,SQSSTGtVMGA,0.051,-0.304,-1.382,-0.545,-
347,RIGFAVsACHV,0.328,0.058,-0.83,-0.148,-
357,VHDEFRtAAVE,0.049,-0.207,-2.074,-0.744,-
366,VEGPFVtLDME,0.28,-0.149,-0.775,-0.215,-
